{
    "small_fotos": {
        "results": {
            "1ec04adc-6616-4d63-9eb2-549e73841c97 - copia.jpg": {
                "1ec04adc-6616-4d63-9eb2-549e73841c97.jpg": 0.9999999989195203,
                "3c8d8377-3b07-446d-be98-ce1948cb99c6.jpg": 0.5359722216062437,
                "IMG-20230520-WA0008.jpg": 0.5876638884765271,
                "IMG_20230523_172648.jpg": 0.48535277631435747,
                "IMG_20230523_172650.jpg": 0.4978194444474866,
                "IMG_20230523_172652.jpg": 0.5014722212936249
            },
            "1ec04adc-6616-4d63-9eb2-549e73841c97.jpg": {
                "3c8d8377-3b07-446d-be98-ce1948cb99c6.jpg": 0.5359722216062437,
                "IMG-20230520-WA0008.jpg": 0.5876638884765271,
                "IMG_20230523_172648.jpg": 0.48535277631435747,
                "IMG_20230523_172650.jpg": 0.4978194444474866,
                "IMG_20230523_172652.jpg": 0.5014722212936249
            },
            "3c8d8377-3b07-446d-be98-ce1948cb99c6.jpg": {
                "IMG-20230520-WA0008.jpg": 0.6473138901483253,
                "IMG_20230523_172648.jpg": 0.6340277773197158,
                "IMG_20230523_172650.jpg": 0.6641527787096493,
                "IMG_20230523_172652.jpg": 0.713338887539976
            },
            "IMG-20230520-WA0008.jpg": {
                "IMG_20230523_172648.jpg": 0.7188861109289064,
                "IMG_20230523_172650.jpg": 0.6757722214761088,
                "IMG_20230523_172652.jpg": 0.6290361122528338
            },
            "IMG_20230523_172648.jpg": {
                "IMG_20230523_172650.jpg": 0.8707111104404248,
                "IMG_20230523_172652.jpg": 0.6745777758360418
            },
            "IMG_20230523_172650.jpg": {
                "IMG_20230523_172652.jpg": 0.7554861096605237
            },
            "IMG_20230523_172652.jpg": {}
        },
        "path": "C:\\Users\\Lluis\\Desktop\\Projects\\fotocompare_py\\small_fotos"
    }
}