{
    "fotos": {
        "results": {
            "1ec04adc-6616-4d63-9eb2-549e73841c97 - copia.jpg": {
                "1ec04adc-6616-4d63-9eb2-549e73841c97.jpg": 1.0
            }
        },
        "path": "C:\\Users\\Lluis\\Desktop\\Projects\\fotocompare_py\\fotos",
        "path_resize": "C:\\Users\\Lluis\\Desktop\\Projects\\fotocompare_py\\fotos_resized"
    },
    "graduacio matt": {
        "results": {
            "Graduacions Masters 2021_103.jpg": {
                "Graduacions Masters 2021_104.jpg": 0.83984375
            }
        },
        "path": "C:\\Users\\Lluis\\Desktop\\Projects\\fotocompare_py\\fotos\\graduacio matt",
        "path_resize": "C:\\Users\\Lluis\\Desktop\\Projects\\fotocompare_py\\fotos_resized\\graduacio matt"
    },
    "setembre dragor": {
        "results": {
            "IMG-20230909-WA0019.jpg": {
                "IMG_20230909_142056.jpg": 0.9296875,
                "IMG_20230909_142054.jpg": 0.83984375
            },
            "IMG_20230909_143858.jpg": {
                "IMG_20230909_143900.jpg": 0.90234375,
                "IMG_20230909_143904.jpg": 0.8359375,
                "IMG_20230909_143922.jpg": 0.765625,
                "IMG_20230909_143914.jpg": 0.734375
            },
            "IMG_20230909_143900.jpg": {
                "IMG_20230909_143904.jpg": 0.87109375,
                "IMG_20230909_143922.jpg": 0.74609375,
                "IMG_20230909_143914.jpg": 0.73828125
            },
            "IMG_20230909_143856.jpg": {
                "IMG_20230909_143900.jpg": 0.8515625,
                "IMG_20230909_143904.jpg": 0.84765625,
                "IMG_20230909_143858.jpg": 0.83984375,
                "IMG_20230909_143922.jpg": 0.79296875,
                "IMG_20230909_143914.jpg": 0.74609375
            },
            "IMG_20230909_142054.jpg": {
                "IMG_20230909_142055.jpg": 0.84765625,
                "IMG_20230909_142056.jpg": 0.80859375
            },
            "IMG_20230909_143904.jpg": {
                "IMG_20230909_143922.jpg": 0.765625,
                "IMG_20230909_143914.jpg": 0.7578125
            },
            "IMG_20230909_143735.jpg": {
                "IMG_20230909_143904.jpg": 0.7421875,
                "IMG_20230909_143858.jpg": 0.7421875,
                "IMG_20230909_143900.jpg": 0.73828125,
                "IMG_20230909_143856.jpg": 0.73828125,
                "IMG_20230909_143922.jpg": 0.71875,
                "IMG_20230909_143914.jpg": 0.6484375
            },
            "IMG_20230909_143914.jpg": {
                "IMG_20230909_143922.jpg": 0.6796875
            },
            "IMG_20230909_143726.jpg": {
                "IMG_20230909_143922.jpg": 0.67578125
            },
            "IMG_20230909_143733.jpg": {
                "IMG_20230909_143914.jpg": 0.64453125,
                "IMG_20230909_143900.jpg": 0.6328125,
                "IMG_20230909_143922.jpg": 0.62890625,
                "IMG_20230909_143858.jpg": 0.62109375,
                "IMG_20230909_143735.jpg": 0.59765625
            }
        },
        "path": "C:\\Users\\Lluis\\Desktop\\Projects\\fotocompare_py\\fotos\\graduacio matt\\setembre dragor",
        "path_resize": "C:\\Users\\Lluis\\Desktop\\Projects\\fotocompare_py\\fotos_resized\\graduacio matt\\setembre dragor"
    },
    "maig visita ana": {
        "results": {
            "IMG_20230523_172650.jpg": {
                "IMG_20230523_172652.jpg": 0.8984375
            },
            "IMG_20230523_172646.jpg": {
                "IMG_20230523_172648.jpg": 0.80078125
            }
        },
        "path": "C:\\Users\\Lluis\\Desktop\\Projects\\fotocompare_py\\fotos\\maig visita ana",
        "path_resize": "C:\\Users\\Lluis\\Desktop\\Projects\\fotocompare_py\\fotos_resized\\maig visita ana"
    }
}